ALTER SESSION SET NLS_DATE_FORMAT = 'DD/MM/YYYY';

INSERT INTO athlete VALUES (119186,'Miltiadis','Tentoglou','18/03/1998','M');
INSERT INTO athlete VALUES (21695,'Cheick Sallah','Cisse Junior','15/02/1994','M');
INSERT INTO athlete VALUES (13924,'Eugenie', 'Bouchard','27/02/1994','F');
INSERT INTO athlete VALUES (14726,'Vicky', 'Mostand','17/04/1993','F');
INSERT INTO athlete VALUES (47546,'Emiliano','Martinez','02/09/1992','M');
INSERT INTO athlete VALUES (102837,'Nikola','Cacic','07/12/1990','M');
INSERT INTO athlete VALUES (11278,'Roberta','Bianconi','11/09/1989','F');
INSERT INTO athlete VALUES (47345,'Angel','Di Maria','14/02/1988','M');
INSERT INTO athlete VALUES (102934,'Novak','Djokovic','22/05/1987','M');
INSERT INTO athlete VALUES (95168,'Elena','Xatsi','18/04/1987','F');
INSERT INTO athlete VALUES (47589,'Lionel','Messi','24/06/1987','M');
INSERT INTO athlete VALUES (82902,'Lutalo','Muhammad','13/09/1985','M');
INSERT INTO athlete VALUES (98552,'Rajeev','Ram','25/05/1984','M');
INSERT INTO athlete VALUES (59333,'Mahdi','Khodabakhshi','10/01/1981','F');
INSERT INTO athlete VALUES (130696,'Venus','Williams','01/12/1980','F');
INSERT INTO athlete VALUES (58163,'Risako','Kawai','01/01/1978','F');
INSERT INTO athlete VALUES (55332,'Ashleigh','Johnson','16/06/1976','F');
INSERT INTO athlete VALUES (38530,'Caroline','Garcia','09/11/1973','F');
INSERT INTO athlete VALUES (19643,'Frank','Chamizo Marquez','23/06/1972','M');
INSERT INTO athlete VALUES (50555,'Xenofon','Marketakis','14/12/1970','M');
INSERT INTO athlete VALUES (6632,'Timea','Bacsinszky','19/10/1970','F');
INSERT INTO athlete VALUES (41296,'Franklin','Gomez Matos','03/03/1966','M');
INSERT INTO athlete VALUES (83558,'Andy', 'Murray','06/09/1965','M');
INSERT INTO athlete VALUES (4156,'Jarvis','Gomes Metis','26/08/1962','M');
INSERT INTO athlete VALUES (9444,'Milad Beigi','Hareqani','30/10/1961','M');
INSERT INTO athlete VALUES (1074,'Khairulnizam','Mohd Afendy','04/04/1958','M');
INSERT INTO athlete VALUES (13276,'Ralya','Abatte','02/11/1958','F');
INSERT INTO athlete VALUES (4702,'Alicia','Abaunza','11/10/1954','F');
INSERT INTO athlete VALUES (30244,'Jeremy','Abbott','04/12/1953','M');
INSERT INTO athlete VALUES (1293,'Moustafa','Abdelal','14/02/1950','M');
INSERT INTO athlete VALUES (2843,'Bella','Abratis','23/04/1949','F');
INSERT INTO athlete VALUES (3024,'Bernadette','Zurbriggen','25/01/1946','F');
INSERT INTO athlete VALUES (4039,'Ieva','Zunda','19/04/1946','F');
INSERT INTO athlete VALUES (33844,'Nenad','ugaj','12/08/1942','M');
INSERT INTO athlete VALUES (78494,'Bertalan','Zstr','19/05/1942','M');
INSERT INTO athlete VALUES (7934,'Angelika','Grieser','15/10/1938','F');
INSERT INTO athlete VALUES (4234,'Hermann','Treu','01/01/1937','M');
INSERT INTO athlete VALUES (74884,'Michael','Greis','05/03/1934','M');
INSERT INTO athlete VALUES (29384,'Jenna','Gresdal','02/09/1934','F');
INSERT INTO athlete VALUES (1939,'William','Greggan','17/12/1930','M');
INSERT INTO athlete VALUES (1045,'Sandra Grau','Muxella','05/05/1929','F');


INSERT INTO team VALUES ('GRE', 'Greece');
INSERT INTO team VALUES ('SRB', 'Serbia');
INSERT INTO team VALUES ('CHN', 'China');
INSERT INTO team VALUES ('DEN', 'Denmark');
INSERT INTO team VALUES ('NED', 'Netherlands');
INSERT INTO team VALUES ('USA', 'United States');
INSERT INTO team VALUES ('FIN', 'Finland');
INSERT INTO team VALUES ('NOR', 'Norway');
INSERT INTO team VALUES ('ROU', 'Romania');
INSERT INTO team VALUES ('ESP', 'Spain');
INSERT INTO team VALUES ('ITA', 'Italy');
INSERT INTO team VALUES ('FRA', 'France');
INSERT INTO team VALUES ('ARG', 'Argentina');
INSERT INTO team VALUES ('EGY', 'Egypt');
INSERT INTO team VALUES ('BRA', 'Brazil');
INSERT INTO team VALUES ('RUS', 'Russia');
INSERT INTO team VALUES ('AUS', 'Australia');
INSERT INTO team VALUES ('JPN', 'Japan');
INSERT INTO team VALUES ('PUR', 'Puerto Rico');
INSERT INTO team VALUES ('CAN', 'Canada');
INSERT INTO team VALUES ('GBR', 'Great Britain');
INSERT INTO team VALUES ('HUN', 'Hungary');


INSERT INTO organization VALUES ('2024 Summer', 2024, 'Summer', 'Paris');
INSERT INTO organization VALUES ('2020 Summer', 2020, 'Summer', 'Tokyo');
INSERT INTO organization VALUES ('2016 Summer', 2016, 'Summer', 'Rio de Janeiro');
INSERT INTO organization VALUES ('2012 Summer', 2012, 'Summer', 'London');
INSERT INTO organization VALUES ('2008 Summer', 2008, 'Summer', 'Beijing');
INSERT INTO organization VALUES ('2004 Summer', 2004, 'Summer', 'Athens');
INSERT INTO organization VALUES ('2000 Summer', 2000, 'Summer', 'Sydney');
INSERT INTO organization VALUES ('1996 Summer', 1996, 'Summer', 'Atlanta');
INSERT INTO organization VALUES ('1992 Summer', 1992, 'Summer', 'Barcelona');
INSERT INTO organization VALUES ('1988 Summer', 1988, 'Summer', 'Seoul');
INSERT INTO organization VALUES ('1984 Summer', 1984, 'Summer', 'Los Angeles');
INSERT INTO organization VALUES ('1980 Winter', 1980, 'Winter', 'Lake Placid');
INSERT INTO organization VALUES ('1976 Winter', 1976, 'Winter', 'Innsbruck');
INSERT INTO organization VALUES ('1972 Winter', 1972, 'Winter', 'Sapporo');
INSERT INTO organization VALUES ('1968 Winter', 1968, 'Winter', 'Grenoble');
INSERT INTO organization VALUES ('1964 Summer', 1964, 'Summer', 'Tokyo');
INSERT INTO organization VALUES ('1960 Winter', 1960, 'Winter', 'Squaw Valley');
INSERT INTO organization VALUES ('1956 Winter', 1956, 'Winter', 'Cortina d`Ampezzo');
INSERT INTO organization VALUES ('1952 Summer', 1952, 'Summer', 'Helsinki');
INSERT INTO organization VALUES ('1948 Summer', 1948, 'Summer', 'London');


INSERT INTO participation VALUES (119186,'2024 Summer','GRE');
INSERT INTO participation VALUES (47589, '2024 Summer','ARG');
INSERT INTO participation VALUES (47345, '2024 Summer','ARG');
INSERT INTO participation VALUES (47546, '2024 Summer','ARG');
INSERT INTO participation VALUES (21695, '2024 Summer','EGY');
INSERT INTO participation VALUES (13924, '2024 Summer','DEN');
INSERT INTO participation VALUES (14726, '2024 Summer','DEN');
INSERT INTO participation VALUES (102934,'2024 Summer','SRB');
INSERT INTO participation VALUES (102837,'2024 Summer','SRB');
INSERT INTO participation VALUES (119186,'2020 Summer','GRE');
INSERT INTO participation VALUES (21695, '2020 Summer','EGY');
INSERT INTO participation VALUES (102934,'2020 Summer','SRB');
INSERT INTO participation VALUES (102837,'2020 Summer','SRB');
INSERT INTO participation VALUES (13924, '2020 Summer','DEN');
INSERT INTO participation VALUES (95168, '2020 Summer','RUS');
INSERT INTO participation VALUES (47589, '2020 Summer','ARG');
INSERT INTO participation VALUES (47345, '2020 Summer','ARG');
INSERT INTO participation VALUES (47546, '2020 Summer','ARG');
INSERT INTO participation VALUES (119186,'2016 Summer','GRE');
INSERT INTO participation VALUES (102934,'2016 Summer','SRB');
INSERT INTO participation VALUES (102837,'2016 Summer','SRB');
INSERT INTO participation VALUES (21695, '2016 Summer','EGY');
INSERT INTO participation VALUES (13924, '2016 Summer','DEN');
INSERT INTO participation VALUES (11278, '2016 Summer','ESP');
INSERT INTO participation VALUES (95168, '2016 Summer','GRE');
INSERT INTO participation VALUES (82902, '2016 Summer','BRA');
INSERT INTO participation VALUES (21695, '2012 Summer','EGY');
INSERT INTO participation VALUES (11278, '2012 Summer','ESP');
INSERT INTO participation VALUES (95168, '2012 Summer','GRE');
INSERT INTO participation VALUES (82902, '2012 Summer','BRA');
INSERT INTO participation VALUES (98552, '2012 Summer','PUR');
INSERT INTO participation VALUES (59333, '2012 Summer','RUS');
INSERT INTO participation VALUES (130696,'2012 Summer','RUS');
INSERT INTO participation VALUES (95168, '2008 Summer','GRE');
INSERT INTO participation VALUES (82902, '2008 Summer','BRA');
INSERT INTO participation VALUES (59333, '2008 Summer','RUS');
INSERT INTO participation VALUES (130696,'2008 Summer','RUS');
INSERT INTO participation VALUES (82902, '2004 Summer','BRA');
INSERT INTO participation VALUES (98552, '2004 Summer','PUR');
INSERT INTO participation VALUES (130696,'2004 Summer','RUS');
INSERT INTO participation VALUES (58163, '2004 Summer','JPN');
INSERT INTO participation VALUES (55332, '2004 Summer','USA');
INSERT INTO participation VALUES (19643, '2004 Summer','FIN');
INSERT INTO participation VALUES (59333, '2000 Summer','RUS');
INSERT INTO participation VALUES (130696,'2000 Summer','RUS');
INSERT INTO participation VALUES (58163, '2000 Summer','JPN');
INSERT INTO participation VALUES (55332, '2000 Summer','USA');
INSERT INTO participation VALUES (38530, '2000 Summer','ESP');
INSERT INTO participation VALUES (50555, '2000 Summer','GRE');
INSERT INTO participation VALUES (38530, '1996 Summer','ESP');
INSERT INTO participation VALUES (50555, '1996 Summer','GRE');
INSERT INTO participation VALUES (83558, '1996 Summer','FRA');
INSERT INTO participation VALUES (38530, '1992 Summer','ESP');
INSERT INTO participation VALUES (50555, '1992 Summer','GRE');
INSERT INTO participation VALUES (6632,  '1992 Summer','NOR');
INSERT INTO participation VALUES (41296, '1992 Summer','ESP');
INSERT INTO participation VALUES (83558, '1992 Summer','FRA');
INSERT INTO participation VALUES (50555, '1988 Summer','GRE');
INSERT INTO participation VALUES (83558, '1988 Summer','FRA');
INSERT INTO participation VALUES (4156 , '1988 Summer','ITA');
INSERT INTO participation VALUES (13276, '1988 Summer','CAN');
INSERT INTO participation VALUES (41296, '1984 Summer','ESP');
INSERT INTO participation VALUES (83558, '1984 Summer','FRA');
INSERT INTO participation VALUES (9444,  '1984 Summer','FRA');
INSERT INTO participation VALUES (1074,  '1984 Summer','HUN');
INSERT INTO participation VALUES (4156,  '1980 Winter','ITA');
INSERT INTO participation VALUES (1074,  '1980 Winter','HUN');
INSERT INTO participation VALUES (13276, '1980 Winter','CAN');
INSERT INTO participation VALUES (4702,  '1980 Winter','GBR');
INSERT INTO participation VALUES (1074,  '1976 Winter','HUN');
INSERT INTO participation VALUES (30244, '1976 Winter','NED');
INSERT INTO participation VALUES (1293,  '1976 Winter','EGY');
INSERT INTO participation VALUES (2843,  '1976 Winter','USA');
INSERT INTO participation VALUES (3024,  '1972 Winter','ROU');
INSERT INTO participation VALUES (4039,  '1972 Winter','CHN');
INSERT INTO participation VALUES (33844, '1968 Winter','CHN');
INSERT INTO participation VALUES (7934,  '1968 Winter','FIN');
INSERT INTO participation VALUES (78494, '1964 Summer','NED');
INSERT INTO participation VALUES (29384, '1964 Summer','GBR');
INSERT INTO participation VALUES (4234,  '1960 Winter','ITA');
INSERT INTO participation VALUES (29384, '1960 Winter','GBR');
INSERT INTO participation VALUES (74884, '1956 Winter','FRA');
INSERT INTO participation VALUES (1045,  '1956 Winter','AUS');
INSERT INTO participation VALUES (1939,  '1952 Summer','USA');
INSERT INTO participation VALUES (1045,  '1952 Summer','AUS');
INSERT INTO participation VALUES (1939,  '1948 Summer','USA');
INSERT INTO participation VALUES (1045,  '1948 Summer','AUS');


INSERT INTO competition VALUES ('Weightlifting', 'Men`s Heavyweight', 'Individual');
INSERT INTO competition VALUES ('Weightlifting', 'Women`s Super-Heavyweight', 'Individual');
INSERT INTO competition VALUES ('Basketball', 'Men`s Basketball', 'Team');
INSERT INTO competition VALUES ('Basketball', 'Women`s Basketball', 'Team');
INSERT INTO competition VALUES ('Football', 'Men`s Football', 'Team');
INSERT INTO competition VALUES ('Volleyball', 'Men`s Volleyball', 'Team');
INSERT INTO competition VALUES ('Volleyball', 'Women`s Volleyball', 'Team');
INSERT INTO competition VALUES ('Handball', 'Men`s Handball', 'Team');
INSERT INTO competition VALUES ('Handball', 'Women`s Handball', 'Team');
INSERT INTO competition VALUES ('Gymnastics', 'Women`s All-Around', 'Individual');
INSERT INTO competition VALUES ('Gymnastics', 'Women`s Floor Exercise', 'Individual');
INSERT INTO competition VALUES ('Gymnastics', 'Men`s Parallel Bars', 'Individual');
INSERT INTO competition VALUES ('Gymnastics', 'Men`s Rings', 'Individual');
INSERT INTO competition VALUES ('Athletics', 'Women`s 5,000 metres', 'Individual');
INSERT INTO competition VALUES ('Athletics', 'Men`s long jump', 'Individual');
INSERT INTO competition VALUES ('Athletics', 'Men`s 400 metres', 'Individual');
INSERT INTO competition VALUES ('Water Polo', 'Men`s Water Polo', 'Team');
INSERT INTO competition VALUES ('Water Polo', 'Women`s Water Polo', 'Team');
INSERT INTO competition VALUES ('Boxing', 'Men`s Lightweight', 'Individual');
INSERT INTO competition VALUES ('Tennis', 'Women`s Singles', 'Individual');
INSERT INTO competition VALUES ('Tennis', 'Men`s Singles', 'Individual');
INSERT INTO competition VALUES ('Tennis', 'Women`s Doubles', 'Team');
INSERT INTO competition VALUES ('Tennis', 'Men`s Doubles', 'Team');
INSERT INTO competition VALUES ('Swimming', 'Women`s 4x100 metres Freestyle Relay', 'Team');
INSERT INTO competition VALUES ('Swimming', 'Women`s 100 metres Breaststroke', 'Individual');
INSERT INTO competition VALUES ('Swimming', 'Women`s 200 metres Freestyle', 'Individual');
INSERT INTO competition VALUES ('Swimming', 'Men`s 4x200 metres Freestyle Relay', 'Team');
INSERT INTO competition VALUES ('Swimming', 'Men`s 100 metres Backstroke', 'Individual');
INSERT INTO competition VALUES ('Swimming', 'Men`s 400 metres Freestyle', 'Individual');


INSERT INTO compete VALUES (74884, 'Men`s Heavyweight');
INSERT INTO compete VALUES (13924, 'Women`s Super-Heavyweight');
INSERT INTO compete VALUES (14726, 'Women`s Super-Heavyweight');
INSERT INTO compete VALUES (11278, 'Women`s Super-Heavyweight');
INSERT INTO compete VALUES (50555, 'Men`s Basketball');
INSERT INTO compete VALUES (41296, 'Men`s Basketball');
INSERT INTO compete VALUES (59333, 'Women`s Basketball');
INSERT INTO compete VALUES (130696,'Women`s Basketball');
INSERT INTO compete VALUES (58163, 'Women`s Basketball');
INSERT INTO compete VALUES (47546, 'Men`s Football');
INSERT INTO compete VALUES (47589, 'Men`s Football');
INSERT INTO compete VALUES (47345, 'Men`s Football');
INSERT INTO compete VALUES (33844, 'Men`s Volleyball');
INSERT INTO compete VALUES (78494, 'Men`s Volleyball');
INSERT INTO compete VALUES (55332, 'Women`s Volleyball');
INSERT INTO compete VALUES (6632,  'Women`s Volleyball');
INSERT INTO compete VALUES (19643, 'Men`s Handball');
INSERT INTO compete VALUES (7934,  'Women`s Handball');
INSERT INTO compete VALUES (29384, 'Women`s Handball');
INSERT INTO compete VALUES (38530, 'Women`s All-Around');
INSERT INTO compete VALUES (2843,  'Women`s All-Around');
INSERT INTO compete VALUES (2843,  'Women`s Floor Exercise');
INSERT INTO compete VALUES (1293,  'Men`s Parallel Bars');
INSERT INTO compete VALUES (1293,  'Men`s Rings');
INSERT INTO compete VALUES (3024,  'Women`s 5,000 metres');
INSERT INTO compete VALUES (4039,  'Women`s 5,000 metres');
INSERT INTO compete VALUES (119186,'Men`s long jump');
INSERT INTO compete VALUES (21695, 'Men`s long jump');
INSERT INTO compete VALUES (4234,  'Men`s 400 metres');
INSERT INTO compete VALUES (1939,  'Men`s Water Polo');
INSERT INTO compete VALUES (1045,  'Women`s Water Polo');
INSERT INTO compete VALUES (82902, 'Men`s Lightweight');
INSERT INTO compete VALUES (98552, 'Men`s Lightweight');
INSERT INTO compete VALUES (95168, 'Women`s Singles');
INSERT INTO compete VALUES (95168, 'Women`s Doubles');
INSERT INTO compete VALUES (83558, 'Men`s Singles');
INSERT INTO compete VALUES (102934,'Men`s Singles');
INSERT INTO compete VALUES (102837,'Men`s Singles');
INSERT INTO compete VALUES (9444,  'Men`s Singles');
INSERT INTO compete VALUES (4156,  'Men`s Singles');
INSERT INTO compete VALUES (83558, 'Men`s Doubles');
INSERT INTO compete VALUES (102934,'Men`s Doubles');
INSERT INTO compete VALUES (102837,'Men`s Doubles');
INSERT INTO compete VALUES (4156,  'Men`s Doubles');
INSERT INTO compete VALUES (9444,  'Men`s Doubles');
INSERT INTO compete VALUES (13276, 'Women`s 4x100 metres Freestyle Relay');
INSERT INTO compete VALUES (13276, 'Women`s 100 metres Breaststroke');
INSERT INTO compete VALUES (13276, 'Women`s 200 metres Freestyle');
INSERT INTO compete VALUES (4702,  'Women`s 4x100 metres Freestyle Relay');
INSERT INTO compete VALUES (4702,  'Women`s 100 metres Breaststroke');
INSERT INTO compete VALUES (1074,  'Men`s 4x200 metres Freestyle Relay');
INSERT INTO compete VALUES (1074,  'Men`s 100 metres Backstroke');
INSERT INTO compete VALUES (1074,  'Men`s 400 metres Freestyle');
INSERT INTO compete VALUES (30244, 'Men`s 4x200 metres Freestyle Relay');
INSERT INTO compete VALUES (30244, 'Men`s 400 metres Freestyle');


INSERT INTO award VALUES (74884, 'Men`s Heavyweight', '1956 Winter', 'Silver');
INSERT INTO award VALUES (13924, 'Women`s Super-Heavyweight', '2024 Summer', null);
INSERT INTO award VALUES (13924, 'Women`s Super-Heavyweight', '2020 Summer', 'Silver');
INSERT INTO award VALUES (13924, 'Women`s Super-Heavyweight', '2016 Summer', null);
INSERT INTO award VALUES (14726, 'Women`s Super-Heavyweight', '2024 Summer', null);
INSERT INTO award VALUES (11278, 'Women`s Super-Heavyweight', '2016 Summer', null);
INSERT INTO award VALUES (11278, 'Women`s Super-Heavyweight', '2012 Summer', null);


INSERT INTO award VALUES (50555, 'Men`s Basketball', '2000 Summer', 'Gold');
INSERT INTO award VALUES (50555, 'Men`s Basketball', '1996 Summer', 'Gold');
INSERT INTO award VALUES (50555, 'Men`s Basketball', '1992 Summer', 'Gold');
INSERT INTO award VALUES (50555, 'Men`s Basketball', '1988 Summer', 'Gold');
INSERT INTO award VALUES (41296, 'Men`s Basketball', '1992 Summer', null);
INSERT INTO award VALUES (41296, 'Men`s Basketball', '1984 Summer', null);
INSERT INTO award VALUES (59333, 'Women`s Basketball', '2012 Summer', 'Bronze');
INSERT INTO award VALUES (59333, 'Women`s Basketball', '2008 Summer', null);
INSERT INTO award VALUES (59333, 'Women`s Basketball', '2000 Summer', null);
INSERT INTO award VALUES (130696,'Women`s Basketball', '2012 Summer', 'Bronze');
INSERT INTO award VALUES (130696,'Women`s Basketball', '2008 Summer', null);
INSERT INTO award VALUES (130696,'Women`s Basketball', '2004 Summer', null);
INSERT INTO award VALUES (130696,'Women`s Basketball', '2000 Summer', null);
INSERT INTO award VALUES (58163, 'Women`s Basketball', '2004 Summer', null);
INSERT INTO award VALUES (58163, 'Women`s Basketball', '2000 Summer', null);
INSERT INTO award VALUES (47546, 'Men`s Football', '2024 Summer', null);
INSERT INTO award VALUES (47589, 'Men`s Football', '2024 Summer', null);
INSERT INTO award VALUES (47345, 'Men`s Football', '2024 Summer', null);


INSERT INTO award VALUES (47546, 'Men`s Football', '2020 Summer', 'Silver');
INSERT INTO award VALUES (47589, 'Men`s Football', '2020 Summer', 'Silver');
INSERT INTO award VALUES (47345, 'Men`s Football', '2020 Summer', 'Silver');
INSERT INTO award VALUES (33844, 'Men`s Volleyball', '1968 Winter', 'Bronze');
INSERT INTO award VALUES (78494, 'Men`s Volleyball', '1964 Summer', 'Bronze');
INSERT INTO award VALUES (55332, 'Women`s Volleyball', '2004 Summer', 'Silver');
INSERT INTO award VALUES (55332, 'Women`s Volleyball', '2000 Summer', null);
INSERT INTO award VALUES (6632,  'Women`s Volleyball', '1992 Summer', null);
INSERT INTO award VALUES (19643, 'Men`s Handball', '2004 Summer', 'Bronze');
INSERT INTO award VALUES (7934,  'Women`s Handball', '1968 Winter', 'Silver');
INSERT INTO award VALUES (29384, 'Women`s Handball', '1964 Summer', null);
INSERT INTO award VALUES (29384, 'Women`s Handball', '1960 Winter', null);
INSERT INTO award VALUES (38530, 'Women`s All-Around', '1992 Summer', null);
INSERT INTO award VALUES (38530, 'Women`s All-Around', '1996 Summer', 'Gold');
INSERT INTO award VALUES (38530, 'Women`s All-Around', '2000 Summer', 'Silver');


INSERT INTO award VALUES (2843,  'Women`s All-Around', '1976 Winter', 'Gold');
INSERT INTO award VALUES (2843,  'Women`s Floor Exercise', '1976 Winter', 'Silver');
INSERT INTO award VALUES (1293,  'Men`s Parallel Bars', '1976 Winter', 'Bronze');
INSERT INTO award VALUES (1293,  'Men`s Rings', '1976 Winter', 'Gold');
INSERT INTO award VALUES (3024,  'Women`s 5,000 metres', '1972 Winter', 'Bronze');
INSERT INTO award VALUES (4039,  'Women`s 5,000 metres', '1972 Winter', null);
INSERT INTO award VALUES (119186,'Men`s long jump', '2024 Summer', null);
INSERT INTO award VALUES (119186,'Men`s long jump', '2020 Summer', 'Gold');


INSERT INTO award VALUES (119186,'Men`s long jump', '2016 Summer', 'Gold');
INSERT INTO award VALUES (21695, 'Men`s long jump', '2016 Summer', 'Gold');
INSERT INTO award VALUES (21695, 'Men`s long jump', '2024 Summer', null);
INSERT INTO award VALUES (21695, 'Men`s long jump', '2020 Summer', null);
INSERT INTO award VALUES (21695, 'Men`s long jump', '2012 Summer', null);
INSERT INTO award VALUES (4234,  'Men`s 400 metres', '1960 Winter', 'Silver');
INSERT INTO award VALUES (1939,  'Men`s Water Polo', '1952 Summer', 'Silver');
INSERT INTO award VALUES (1939,  'Men`s Water Polo', '1948 Summer', 'Bronze');
INSERT INTO award VALUES (1045,  'Women`s Water Polo', '1956 Winter', 'Gold');
INSERT INTO award VALUES (1045,  'Women`s Water Polo', '1952 Summer', null);
INSERT INTO award VALUES (1045,  'Women`s Water Polo', '1948 Summer', null);
INSERT INTO award VALUES (82902, 'Men`s Lightweight', '2016 Summer', null);
INSERT INTO award VALUES (82902, 'Men`s Lightweight', '2012 Summer', null);
INSERT INTO award VALUES (82902, 'Men`s Lightweight', '2008 Summer', 'Gold');
INSERT INTO award VALUES (82902, 'Men`s Lightweight', '2004 Summer', 'Gold');
INSERT INTO award VALUES (98552, 'Men`s Lightweight', '2012 Summer', null);
INSERT INTO award VALUES (98552, 'Men`s Lightweight', '2004 Summer', null);
INSERT INTO award VALUES (95168, 'Women`s Singles', '2020 Summer', null);--
INSERT INTO award VALUES (95168, 'Women`s Singles', '2016 Summer', 'Gold');
INSERT INTO award VALUES (95168, 'Women`s Doubles', '2016 Summer', 'Silver');
INSERT INTO award VALUES (95168, 'Women`s Singles', '2012 Summer', 'Bronze');
INSERT INTO award VALUES (95168, 'Women`s Doubles', '2008 Summer', null);
INSERT INTO award VALUES (102934,'Men`s Singles', '2024 Summer', null);
INSERT INTO award VALUES (102934,'Men`s Doubles', '2024 Summer', null);


INSERT INTO award VALUES (102934,'Men`s Singles', '2020 Summer', 'Gold');
INSERT INTO award VALUES (102934,'Men`s Doubles', '2016 Summer', 'Gold');
INSERT INTO award VALUES (102837,'Men`s Singles', '2024 Summer', null);
INSERT INTO award VALUES (102837,'Men`s Singles', '2020 Summer', null);
INSERT INTO award VALUES (102837,'Men`s Doubles', '2016 Summer', 'Gold');
INSERT INTO award VALUES (83558, 'Men`s Singles', '1996 Summer', 'Silver');
INSERT INTO award VALUES (83558, 'Men`s Doubles', '1996 Summer', 'Bronze');
INSERT INTO award VALUES (83558, 'Men`s Singles', '1992 Summer', null);
INSERT INTO award VALUES (83558, 'Men`s Singles', '1988 Summer', null);
INSERT INTO award VALUES (83558, 'Men`s Singles', '1984 Summer', 'Silver');
INSERT INTO award VALUES (83558, 'Men`s Doubles', '1984 Summer', 'Gold');
INSERT INTO award VALUES (4156,  'Men`s Singles', '1988 Summer', null);
INSERT INTO award VALUES (4156,  'Men`s Doubles', '1980 Winter', null);
INSERT INTO award VALUES (9444,  'Men`s Singles', '1984 Summer', 'Gold');
INSERT INTO award VALUES (9444,  'Men`s Doubles', '1984 Summer', 'Gold');
INSERT INTO award VALUES (13276, 'Women`s 4x100 metres Freestyle Relay', '1988 Summer', 'Silver');
INSERT INTO award VALUES (13276, 'Women`s 100 metres Breaststroke', '1980 Winter', 'Bronze');
INSERT INTO award VALUES (13276, 'Women`s 200 metres Freestyle', '1980 Winter', 'Gold');
INSERT INTO award VALUES (4702,  'Women`s 4x100 metres Freestyle Relay', '1980 Winter', null);
INSERT INTO award VALUES (4702,  'Women`s 100 metres Breaststroke', '1980 Winter', null);
INSERT INTO award VALUES (1074,  'Men`s 4x200 metres Freestyle Relay', '1976 Winter', 'Gold');
INSERT INTO award VALUES (1074,  'Men`s 100 metres Backstroke', '1980 Winter', 'Silver');
INSERT INTO award VALUES (1074,  'Men`s 400 metres Freestyle', '1984 Summer', null);
INSERT INTO award VALUES (30244, 'Men`s 400 metres Freestyle', '1976 Winter', 'Gold');
INSERT INTO award VALUES (30244, 'Men`s 4x200 metres Freestyle Relay', '1976 Winter', null);

COMMIT;
